{
    "Author": "VoiceMaster Team",
    "Name": "VoiceMaster",
    "InternalName": "VoiceMaster",
    "Description": "A TTS Plugin that breaks the silence! For self hosted TTS Services. /vm",
    "Punchline": "A TTS Plugin that breaks the silence! For self hosted TTS Services.",
    "ApplicableVersion": "any",
    "Tags": [
        "TTS",
        "Quest",
        "Story",
        "Dialog"
    ],
    "LoadRequiredState": 0,
    "LoadSync": false,
    "CanUnloadAsync": false,
    "LoadPriority": 0,
    "AcceptsFeedback": true
}
